species_id Algaebase,Class,Ordre,Famille,Genre,Espèce,Authorités,Date,Date2,Pays,Site,Profondeur,Latitude,Longitude,Recolte,Identification,Code,Remarques,,Lat_dec,Long_dec
21470,Ulvophyceae,Bryopsidales,Caulerpaceae,Caulerpa,cylindracea,Sonder,12 September 2025,12 September 2025,France,Sausset les pins,0.5,"43°19′41,2″N","5°5′52,1″E","Blanfuné A., Borriglionne M., Thouroude B., Verlaque M.",Thouroude B.,HG01,,,43.328111,5.097806
814,Phaeophyceae,Fucales,Sargassaceae,Cystoseira,compressa,(Esper) Gerloff & Nizamuddin,12 September 2025,12 September 2025,France,Sausset les pins,0.1,"43°19′41,2″N","5°5′52,1″E",Blanfuné A.,Blanfuné A.,HG02,,,43.328111,5.097806
177545,Phaeophyceae,Fucales,Sargassaceae,Ericaria,amentacea,(C.Agardh) Molinari & Guiry,12 September 2025,12 September 2025,France,Sausset les pins,0.1,"43°19′41,2″N","5°5′52,1″E",Blanfuné A.,Blanfuné A.,HG03,,,43.328111,5.097806
791,Florideophyceae,Ceramiales,Rhodomelaceae,Polysiphonia,flocculosa,(C.Agardh) Endlicher,12 September 2025,12 September 2025,France,Sausset les pins,0.2,"43°19′41,2″N","5°5′52,1″E","Blanfuné A., Borriglionne M., Thouroude B., Verlaque M.","Verlaque M., Boudouresque C.-F.",HG04,,,43.328111,5.097806
168,Florideophyceae,Ceramiales,Rhodomelaceae,Laurencia,obtusa-rouge,(Hudson) J.V.Lamouroux,12 September 2025,12 September 2025,France,Sausset les pins,3,"43°19′41,2″N","5°5′52,1″E",Thouroude B.,Verlaque M.,HG05,,,43.328111,5.097806
168,Florideophyceae,Ceramiales,Rhodomelaceae,Laurencia,obtusa-orange,(Hudson) J.V.Lamouroux,12 September 2025,12 September 2025,France,Sausset les pins,3,"43°19′41,2″N","5°5′52,1″E",Verlaque M.,Verlaque M.,HG06,,,43.328111,5.097806
40,Ulvophyceae,Ulvales,Ulvaceae,Ulva,rigida,C.Agardh,12 September 2025,12 September 2025,France,Sausset les pins,1,"43°19′41,2″N","5°5′52,1″E","Blanfuné A., Borriglionne M., Thouroude B., Verlaque M.",Verlaque M.,HG07,,,43.328111,5.097806
19273,Ulvophyceae,Cladophorales,Cladophoraceae,Chaetomorpha,ligustica,(Kützing) Kützing,12 September 2025,12 September 2025,France,Sausset les pins,0,"43°19′41,2″N","5°5′52,1″E","Blanfuné A., Borriglionne M., Thouroude B., Verlaque M.",Verlaque M.,HG08,,,43.328111,5.097806
354,Florideophyceae,Peyssonneliales,Peyssonneliaceae,Peyssonnelia,squamaria,(S.G.Gmelin) Decaisne ex J.Agardh,12 September 2025,12 September 2025,France,Sausset les pins,0.5,"43°19′41,2″N","5°5′52,1″E","Blanfuné A., Borriglionne M., Thouroude B., Verlaque M.",Verlaque M.,HG09,,,43.328111,5.097806
123,Florideophyceae,Gigartinales,Sphaerococcaceae,Sphaerococcus,coronopifolius,Stackhouse,12 September 2025,12 September 2025,France,Sausset les pins,0.5,"43°19′41,2″N","5°5′52,1″E","Blanfuné A., Borriglionne M., Thouroude B., Verlaque M.",Thouroude B.,HG10,,,43.328111,5.097806
243,Ulvophyceae,Bryopsidales,Codiaceae,Codium,vermilara,(Olivi) Delle Chiaje,12 September 2025,12 September 2025,France,Sausset les pins,0.5,"43°19′41,2″N","5°5′52,1″E","Blanfuné A., Borriglionne M., Thouroude B., Verlaque M.",Verlaque M.,HG11,,,43.328111,5.097806
1140,Ulvophyceae,Bryopsidales,Codiaceae,Codium,effusum,(Rafinesque) Delle Chiaje,12 September 2025,12 September 2025,France,Sausset les pins,0.5,"43°19′41,2″N","5°5′52,1″E","Blanfuné A., Borriglionne M., Thouroude B., Verlaque M.",Verlaque M.,HG12,,,43.328111,5.097806
349,Florideophyceae,Gigartinales,Cystocloniaceae,Hypnea,musciformis,(Wulfen) J.V. Lamouroux,12 September 2025,12 September 2025,France,Sausset les pins,0.5,"43°19′41,2″N","5°5′52,1″E","Blanfuné A., Borriglionne M., Thouroude B., Verlaque M.",Verlaque M.,HG13,,,43.328111,5.097806
45,Ulvophyceae,Bryopsidales,Codiaceae,Codium,bursa,(Linnaeus) C.Agardh,12 September 2025,12 September 2025,France,Sausset les pins,0.5,"43°19′41,2″N","5°5′52,1″E","Blanfuné A., Borriglionne M., Thouroude B., Verlaque M.",Thouroude B.,HG14,,,43.328111,5.097806
177533,Phaeophyceae,Fucales,Sargassaceae,Gongolaria,montagnei var tenuior,(Ercegović) Molinari & Guiry,11 September 2025,11 September 2025,France,"Pierre à Joseph, Plane Island, Marseille",15,"43°11′7,2″N","5°23′22,1″E",Thibaut T.,Thibaut T.,HG15,,,43.185333,5.389472
1223,Ulvophyceae,Bryopsidales,Halimedaceae,Halimeda,tuna,(J.Ellis & Solander) J.V.Lamouroux,22 September 2025,22 September 2025,France,"Caramassaigne, Riou Island, Marseille",15,"43°10′26,1″N","5°23′55,1″E",Thouroude B.,Thouroude B.,HG16,,,43.173917,5.398639
14583,Ulvophyceae,Bryopsidales,Halimedaceae,Flabellia,petiolata,(Turra) Nizamuddin,22 September 2025,22 September 2025,France,"Caramassaigne, Riou Island, Marseille",15,"43°10′26,1″N","5°23′55,1″E",Thouroude B.,Thouroude B.,HG17,,,43.173917,5.398639
1625,Florideophyceae,Nemastomatales,Nemastomataceae,Predaea,ollivieri,Feldmann,22 September 2025,22 September 2025,France,"Caramassaigne, Riou Island, Marseille",15,"43°10′26,1″N","5°23′55,1″E",Thouroude B.,Verlaque M.,HG18,,,43.173917,5.398639
61,Phaeophyceae,Dictyotales,Dictyotaceae,Padina,pavonica,(Linnaeus) Thivy,22 September 2025,22 September 2025,France,"Caramassaigne, Riou Island, Marseille",30,"43°10′26,1″N","5°23′55,1″E",Thouroude B.,Verlaque M.,HG19,,,43.173917,5.398639
63,Phaeophyceae,Sporochnales,Sporochnaceae,Carpomitra,costata,(Feldmann) Feldmann,22 September 2025,22 September 2025,France,"Caramassaigne, Riou Island, Marseille",15,"43°10′26,1″N","5°23′55,1″E",Thibaut T.,Thibaut T.,HG20,,,43.173917,5.398639
926,Phaeophyceae,Tilopteridales,Phyllariaceae,Phyllariopsis,brevipes,(C.Agardh) E.C.Henry & G.R.South,26 September 2025,26 September 2025,France,"Veyron, Marseille",35,"43°12′25,0″N","5°15′12,4″E","Thibaut T., Thouroude B.",Thouroude B.,HG21,,,43.206944,5.253444
1613,Florideophyceae,Peyssonneliales,Peyssonneliaceae,Peyssonnelia,bornetii,Boudouresque & Denizot,26 September 2025,26 September 2025,France,"Veyron, Marseille",30,"43°12′25,0″N","5°15′12,4″E","Thibaut T., Thouroude B.",Boudouresque C.-F.,HG22,,,43.206944,5.253444
12624,Phaeophyceae,Sphacelariales,Stypocaulaceae,Halopteris,scoparia,(Linnaeus) Sauvageau,26 September 2025,26 September 2025,France,"Planier, Marseille",0.5,"43°11′54,6″N","5°13′49,4″E",Thibaut T.,Thouroude B.,HG23,,,43.1985,5.230389
165158,Ulvophyceae,Cladophorales,Cladophoraceae,Lychaete,pellucida,(Hudson) M.J.Wynne,26 September 2025,26 September 2025,France,"Planier, Marseille",0.5,"43°11′54,6″N","5°13′49,4″E",Thibaut T.,Boudouresque C.-F.,HG24,,,43.1985,5.230389
59,Phaeophyceae,Dictyotales,Dictyotaceae,Dictyopteris,polypodioides,(De Candolle) J.V.Lamouroux,26 September 2025,26 September 2025,France,"Veyron, Marseille",35,"43°12′25,0″N","5°15′12,4″E","Thibaut T., Thouroude B.",Thouroude B.,HG25,,,43.206944,5.253444
21905,Phaeophyceae,Tilopteridales,Cutleriaceae,Zanardinia,typus,(Nardo) P.C.Silva,26 September 2025,26 September 2025,France,"Veyron, Marseille",30,"43°12′25,0″N","5°15′12,4″E",Thouroude B.,Thouroude B.,HG26,,,43.206944,5.253444
668,Florideophyceae,Peyssonneliales,Peyssonneliaceae,Peyssonnelia,rosa-marina,Boudouresque & Denizot,26 September 2025,26 September 2025,France,"Veyron, Marseille",30,"43°12′25,0″N","5°15′12,4″E","Thibaut T., Thouroude B.",Boudouresque C.-F.,HG27,,,43.206944,5.253444
177548,Phaeophyceae,Fucales,Sargassaceae,Ericaria,brachycarpa,(J.Agardh) Molinari & Guiry,26 September 2025,26 September 2025,France,"Planier, Marseille",0.5,"43°11′54,6″N","5°13′49,4″E",Thibaut T.,Thibaut T.,HG28,,,43.1985,5.230389
64,Phaeophyceae,Sporochnales,Sporochnaceae,Sporochnus,pedunculatus,(Hudson) C.Agardh,26 September 2025,26 September 2025,France,"Veyron, Marseille",30,"43°12′25,0″N","5°15′12,4″E",Thibaut T.,Boudouresque C.-F.,HG29,,,43.206944,5.253444
177552,Phaeophyceae,Fucales,Sargassaceae,Ericaria,zosteroides,(C.Agardh) Molinari & Guiry,26 September 2025,26 September 2025,France,"Veyron, Marseille",35,"43°12′25,0″N","5°15′12,4″E",Thibaut T.,Thibaut T.,HG30,,,43.206944,5.253444
872,Phaeophyceae,Dictyotales,Dictyotaceae,Zonaria,tournefortii,(J.V.Lamouroux) Montagne,26 September 2025,26 September 2025,France,"Veyron, Marseille",35,"43°12′25,0″N","5°15′12,4″E",Thibaut T.,Thouroude B.,HG31,,,43.206944,5.253444
30,Florideophyceae,Gigartinales,Phyllophoraceae,Phyllophora,crispa,(Hudson) P.S.Dixon,26 September 2025,26 September 2025,France,"Veyron, Marseille",40,"43°12′25,0″N","5°15′12,4″E","Thibaut T., Thouroude B.",Thibaut T.,HG32,,,43.206944,5.253444
14573,Florideophyceae,Ceramiales,Rhodomelaceae,Womersleyella,setacea,(Hollenberg) R.E.Norris,26 September 2025,26 September 2025,France,"Veyron, Marseille",30,"43°12′25,0″N","5°15′12,4″E","Thibaut T., Thouroude B.",Thibaut T.,HG33,,,43.206944,5.253444
827,Phaeophyceae,Fucales,Sargassaceae,Sargassum,vulgare,C.Agardh,26 September 2025,26 September 2025,France,"Planier, Marseille",0.5,"43°11′55,1″N","5°13′45,0″E",Thibaut T.,Thibaut T.,HG34,,,43.198639,5.229167
308,Phaeophyceae,Dictyotales,Dictyotaceae,Dictyota,dichotoma var. intricata,(C.Agardh) Greville,03 October 2025,03 October 2025,France,Six-four les plages,0.5,"43°4′10,6″N","5°47′37,2″E",Thouroude B.,Verlaque M.,HG35,,,43.069611,5.793667
150630,Florideophyceae,Halymeniales,Halymeniaceae,Felicinia,marginata,"(Roussel) Manghisi, Le Gall, Ribera, Gargiulo & Morabito",26 September 2025,26 September 2025,France,"Veyron, Marseille",30,"43°12′25,0″N","5°15′12,4″E",Thouroude B.,Verlaque M.,HG36,,,43.206944,5.253444
173303,Florideophyceae,Halymeniales,Halymeniaceae,Nesoia,mediterranea,"Rodríguez-Prieto, Showe M.Lin, De Clerck & Huisman",26 September 2025,26 September 2025,France,"Veyron, Marseille",25,"43°12′25,0″N","5°15′12,4″E",Thouroude B.,Verlaque M.,HG37,,,43.206944,5.253444
1631,Florideophyceae,Sebdaniales,Sebdeniaceae,Sebdenia,dichotoma,Berthold,26 September 2025,26 September 2025,France,"Veyron, Marseille",30,"43°12′25,0″N","5°15′12,4″E",Thouroude B.,Verlaque M.,HG38,,,43.206944,5.253444
132993,Florideophyceae,Rhodymeniales,Faucheaceae,Gloiocladia,repens,(C.Agardh) N.Sánchez & Rodríguez-Prieto,26 September 2025,26 September 2025,France,"Veyron, Marseille",30,"43°12′25,0″N","5°15′12,4″E",Thibaut T.,Verlaque M.,HG39,,,43.206944,5.253444
26609,Florideophyceae,Ceramiales,Rhodomelaceae,Laurencia,caduciramulosa,Masuda & S.Kawaguchi,26 September 2025,26 September 2025,France,"Planier, Marseille",0.5,"43°11′54,6″N","5°13′49,4″E",Thibaut T.,Verlaque M.,HG40,,,43.1985,5.230389
65505,Florideophyceae,Ceramiales,Rhodomelaceae,Chondria,mediterranea,(Kützing) M.J.Wynne,03 October 2025,03 October 2025,France,Six-four les plages,0.5,"43°4′6,4″N","5°47′38,7″E","Thibaut T., Thouroude B.",Verlaque M.,HG41,,,43.068444,5.794083
675,Florideophyceae,Corallinales,Lithophyllaceae,Amphiroa,rigida,J.V.Lamouroux,03 October 2025,03 October 2025,France,Six-four les plages,0.5,"43°4′6,4″N","5°47′38,7″E","Thibaut T., Thouroude B.",Verlaque M.,HG42,,,43.068444,5.794083
4797,Florideophyceae,Ceramiales,Rhodomelaceae,Laurencia,intricata,Kützing,03 October 2025,03 October 2025,France,Six-four les plages,0.5,"43°4′6,4″N","5°47′38,7″E","Thibaut T., Thouroude B.",Verlaque M.,HG43,,,43.068444,5.794083
487,Florideophyceae,Ceramiales,Callithamniaceae,Spyridia,filamentosa,(Wulfen) Harvey,03 October 2025,03 October 2025,France,Six-four les plages,0,"43°4′6,4″N","5°47′38,7″E","Thibaut T., Thouroude B.",Verlaque M.,HG44,,,43.068444,5.794083
93055,Florideophyceae,Ceramiales,Rhodomelaceae,Vertebrata,fruticulosa,(Wulfen) Kuntze,03 October 2025,03 October 2025,France,Six-four les plages,0,"43°4′6,4″N","5°47′38,7″E","Thibaut T., Thouroude B.",Verlaque M.,HG45,,,43.068444,5.794083
,Florideophyceae,Nemaliales,Galaxauraceae,Tricleocarpa,fragilis,(Linnaeus) Huisman & R.A.Townsend,10 October 2025,10 October 2025,France,"Pointe Fauconnière, La Ciottat",12,"43°9′15,8″N","5°40′57,8″E",Thouroude B.,Verlaque M.,HG46,,,43.154389,5.682722
866,Phaeophyceae,Dictyotales,Dictyotaceae,Dictyota,implexa,(Desfontaines) J.V.Lamouroux,10 October 2025,10 October 2025,France,"Pointe Fauconnière, La Ciottat",10,"43°9′15,8″N","5°40′57,8″E",Thouroude B.,Verlaque M.,HG47,,,43.154389,5.682722
673,Florideophyceae,Corallinales,Lithophyllaceae,Amphiroa,cryptarthrodia,Zanardini,10 October 2025,10 October 2025,France,"Pointe Fauconnière, La Ciottat",10,"43°9′15,8″N","5°40′57,8″E","Thibaut T., Thouroude B.",Verlaque M.,HG48,,,43.154389,5.682722
1371,Palmophyllophyceae,Palmophyllales,Palmophyllaceae,Palmophyllum,crassum,(Naccari) Rabenhorst,10 October 2025,10 October 2025,France,"Pointe Fauconnière, La Ciottat",10,"43°9′15,8″N","5°40′57,8″E","Thibaut T., Thouroude B.",Verlaque M.,HG49,,,43.154389,5.682722
2949,Florideophyceae,Ceramiales,Ceramiaceae,Acrothamnion,preissii,(Sonder) E.M.Wollaston,10 October 2025,10 October 2025,France,"Pointe Fauconnière, La Ciottat",20,"43°9′15,8″N","5°40′57,8″E","Thibaut T., Thouroude B.",Verlaque M.,HG50,,,43.154389,5.682722
58,Phaeophyceae,Sphacelariales,Cladostephaceae,Cladostephus,spongiosus,(Hudson) C.Agardh,10 October 2025,10 October 2025,France,"Pointe Fauconnière, La Ciottat",10,"43°9′15,8″N","5°40′57,8″E","Thibaut T., Thouroude B.",Verlaque M.,HG51,,,43.154389,5.682722
429,Florideophyceae,Peyssonneliales,Peyssonneliaceae,Peyssonnelia,rubra,(Greville) J.Agardh,10 October 2025,10 October 2025,France,"Pointe Fauconnière, La Ciottat",16,"43°9′15,8″N","5°40′57,8″E","Thibaut T., Thouroude B.",Boudouresque C.-F.,HG52,,,43.154389,5.682722
1317,Phaeophyceae,Laminariales,Laminariaceae,Laminaria,rodriguezii,Bornet,01 June 2018,01 June 2018,France,Banc de Magaud,80,"43°2′34,3″N","6°35′25,7″E",Andromède Océanologie,Boudouresque C.-F.,HG53,,,43.042861,6.590472
19311,Florideophyceae,Corallinales,Corallinaceae,Jania,virgata,(Zanardini) Montagne,15 October 2025,15 October 2025,France,"Tiboulen, Maire Island, Marseille",25,"43°12′51,0″N","5°19′32,4″E","Thibaut T., Thouroude B.",Thibaut T.,HG54,,,43.214167,5.325667
134329,Phaeophyceae,Dictyotales,Dictyotaceae,Rugulopteryx,okamurae,"(E.Y.Dawson) I.K.Hwang, W.J.Lee & H.S.Kim",15 October 2025,15 October 2025,France,"Tiboulen, Maire Island, Marseille",5,"43°12′51,0″N","5°19′32,4″E","Thibaut T., Thouroude B.",Thouroude B.,HG55,,,43.214167,5.325667
387,Florideophyceae,Corallinales,Corallinaceae,Jania,rubens,(Linnaeus) J.V.Lamouroux,15 October 2025,15 October 2025,France,"Tiboulen, Maire Island, Marseille",10,"43°12′51,0″N","5°19′32,4″E",Thibaut T.,Thibaut T.,HG56,,,43.214167,5.325667
1614,Florideophyceae,Peyssonneliales,Peyssonneliaceae,Peyssonnelia,crispata,Boudouresque & Denizot,15 October 2025,15 October 2025,France,"Tiboulen, Maire Island, Marseille",32,"43°12′51,0″N","5°19′32,4″E",Thibaut T.,Verlaque M.,HG57,,,43.214167,5.325667
873,Phaeophyceae,Discosporangiales,Choristocarpaceae,Choristocarpus,tenellus,Zanardini,15 October 2025,15 October 2025,France,"Tiboulen, Maire Island, Marseille",32,"43°12′51,0″N","5°19′32,4″E",Thibaut T.,Verlaque M.,HG58,,,43.214167,5.325667
708,Florideophyceae,Ceramiales,Wrangeliaceae,Bornetia,secundifora,(J.Agardh) Thuret,15 October 2025,15 October 2025,France,"Tiboulen, Maire Island, Marseille",15,"43°12′51,0″N","5°19′32,4″E",Thouroude B.,Verlaque M.,HG59,,,43.214167,5.325667
95,Florideophyceae,Corallinales,Lithophyllaceae,Litophyllum,stricatae forme,,15 October 2025,15 October 2025,France,"Tiboulen, Maire Island, Marseille",30,"43°12′51,0″N","5°19′32,4″E","Thibaut T., Thouroude B.",Verlaque M.,HG60,,,43.214167,5.325667
2110,Florideophyceae,Corallinales,Corallinaceae,Corallina,berteroi,Montagne ex Kützing,15 October 2025,15 October 2025,France,"Tiboulen, Maire Island, Marseille",0,"43°12′51,0″N","5°19′32,4″E",Thouroude B.,Thibaut T.,HG61,,,43.214167,5.325667
60,Phaeophyceae,Dictyotales,Dictyotaceae,Dictyota,dichotoma,(Hudson) J.V.Lamouroux,15 October 2025,15 October 2025,France,"Tiboulen, Maire Island, Marseille",20,"43°12′51,0″N","5°19′32,4″E",Thibaut T.,Thibaut T.,HG62,,,43.214167,5.325667
11836,Ulvophyceae,Cladophorales,Anadyomenaceae,Microdictyon,umbilicatum,(Velley) Zanardini,15 October 2025,15 October 2025,France,"Tiboulen, Maire Island, Marseille",30,"43°12′51,0″N","5°19′32,4″E",Thibaut T.,Thibaut T.,HG63,,,43.214167,5.325667
1305,Phaeophyceae,Discosporangiales,Discosporangiaceae,Discosporangium,mesarthrocarpum,(Meneghini) Hauck,16 October 2025,16 October 2025,France,La Seyne-sur-Mer,1,"43°5′34,5″N","5°54′30,1″E",Thouroude B.,Verlaque M.,HG64,,,43.092917,5.908361
138652,Phaeophyceae,Dictyotales,Dictyotaceae,Dictyota,cyanoloma,"Tronholm, De Clerck, A.Gómez-Garreta & Rull Lluch",16 October 2025,16 October 2025,France,La Seyne-sur-Mer,1,"43°5′34,5″N","5°54′30,1″E",Thouroude B.,Thouroude B.,HG65,,,43.092917,5.908361
4802,Florideophyceae,Ceramiales,Rhodomelaceae,Laurencia,okamurae,Yamada,16 October 2025,16 October 2025,France,La Seyne-sur-Mer,1,"43°5′34,5″N","5°54′30,1″E",Thouroude B.,Verlaque M.,HG66,,,43.092917,5.908361
90,Phaeophyceae,Fucales,Sargassaceae,Sargassum,muticum,(Yendo) Fensholt,17 October 2025,17 October 2025,France,"Frontignan, Ponton de la bordelaise, Thau",0.2,"43°25′27,1″N","3°42′2,8″E",Thouroude B.,Thouroude B.,HG67,,,43.424194,3.700778
177530,Phaeophyceae,Fucales,Sargassaceae,Gongolaria,barbata,(Stackhouse) Kuntze,17 October 2025,17 October 2025,France,"Frontignan, Ponton de la bordelaise, Thau",0.2,"43°25′27,1″N","3°42′2,8″E",Thouroude B.,Thouroude B.,HG68,,,43.424194,3.700778
3638,Ulvophyceae,Bryopsidales,Codiaceae,Codium,fragile,(Suringar) Hariot,17 October 2025,17 October 2025,France,"Frontignan, Ponton de la bordelaise, Thau",0.2,"43°25′27,1″N","3°42′2,8″E",Thouroude B.,Thouroude B.,HG69,,,43.424194,3.700778
40,Ulvophyceae,Ulvales,Ulvaceae,Ulva,rigida,C.Agardh,17 October 2025,17 October 2025,France,"Frontignan, Ponton de la bordelaise, Thau",0.1,"43°25′27,1″N","3°42′2,8″E",Thouroude B.,Verlaque M.,HG70,,,43.424194,3.700778
3483,Florideophyceae,Gigartinales,Gigartinaceae,Chondrus,giganteus,Yendo,17 October 2025,17 October 2025,France,"Frontignan, Ponton de la bordelaise, Thau",0.1,"43°25′27,1″N","3°42′2,8″E",Thouroude B.,Thibaut T.,HG71,,,43.424194,3.700778
487,Florideophyceae,Ceramiales,Callithamniaceae,Spyridia,filamentosa,(Wulfen) Harvey,17 October 2025,17 October 2025,France,"Frontignan, Ponton de la bordelaise, Thau",0.1,"43°25′27,1″N","3°42′2,8″E",Thouroude B.,Verlaque M.,HG72,,,43.424194,3.700778
33281,Florideophyceae,Ceramiales,Ceramiaceae,Centroceras,sp,"Kützing,",17 October 2025,17 October 2025,France,"Frontignan, Ponton de la bordelaise, Thau",0.1,"43°25′27,1″N","3°42′2,8″E",Thouroude B.,Verlaque M.,HG73,,,43.424194,3.700778
12903,Ulvophyceae,Ulvales,Ulvaceae,Ulva,compressa,Linnaeus,17 October 2025,17 October 2025,France,"Frontignan, Ponton de la bordelaise, Thau",0.1,"43°25′27,1″N","3°42′2,8″E",Thouroude B.,Verlaque M.,HG74,,,43.424194,3.700778
229,Ulvophyceae,Cladophorales,Cladophoraceae,Cladophora,laetevirens,(Dillwyn) Kützing,21 October 2025,21 October 2025,France,Carro,0.1,"43°19′38,6″N","5°2′29,4″E",Thibaut T.,"Thibaut T., Thouroude B.",HG75,,,43.327389,5.0415
28,Florideophyceae,Nemaliales,Nemaliaceae,Nemalion,elminthoides,(Velley) Batters,21 October 2025,21 October 2025,France,Carro,0.1,"43°19′38,6″N","5°2′29,4″E",Thibaut T.,Thouroude B.,HG76,,,43.327389,5.0415
186567,Phaeophyceae,Fucales,Sargassaceae,Cystoseira,pustulata,(Ercegovic) Neiva & Serrão,28 October 2025,28 October 2025,France,Ramatuelle,0.2,"43°11′22,2″N","6°38′59,5″E",Thouroude B.,"Thibaut T., Thouroude B.",HG77,,,43.1895,6.649861
58360,Phaeophyceae,Fucales,Sargassaceae,Cystoseira,foeniculacea f. tenuiramosa,"A.Gómez Garreta, M.C.Barceló, M.A.Ribera & J.Rull Lluch",28 October 2025,28 October 2025,France,Ramatuelle,0.3,"43°11′16,0″N","6°38′48,2″E",Thouroude B.,"Thibaut T., Thouroude B.",HG78,,,43.187778,6.646722
1217,Ulvophyceae,Cladophorales,Anadyomenaceae,Anadyomene,stellata,(Wulfen) C.Agardh,28 October 2025,28 October 2025,France,Ramatuelle,1,"43°11′16,0″N","6°38′48,2″E",Thibaut T.,Thibaut T.,HG80,,,43.187778,6.646722
4407,Florideophyceae,Gigartinales,Caulacanthaceae,Caulacanthus,okamurae,Yamada,28 October 2025,28 October 2025,France,Saint-Tropez,0.1,"43°16′8,7″N","6°37′54,9″E",Thouroude B.,Verlaque M.,HG80,,,43.269083,6.631917
704,Florideophyceae,Ceramiales,Wrangeliaceae,Anotrichium,tenue,(C.Agardh) Nägeli,28 October 2025,28 October 2025,France,Ramatuelle,0.5,"43°11′16,0″N","6°38′48,2″E",Thouroude B.,Verlaque M.,HG81,,,43.187778,6.646722
136412,Florideophyceae,Ceramiales,Rhodomelaceae,Palisada,thuyoides,"Cassano, Sentíes, Gil-Rodríguez & M.T.Fujii",28 October 2025,28 October 2025,France,Ramatuelle,0.5,"43°11′16,0″N","6°38′48,2″E",Thouroude B.,Verlaque M.,HG82,,,43.187778,6.646722
173266,Phaeophyceae,Dictyotales,Dictyotaceae,Lobophora,delicata,Camacho & Fredericq,28 October 2025,28 October 2025,France,Ramatuelle,2,"43°11′16,0″N","6°38′48,2″E",Thibaut T.,Verlaque M.,HG83,,,43.187778,6.646722
230,Ulvophyceae,Cladophorales,Cladophoraceae,Cladophora,lehmanniana,(Lindenberg) Kützing,28 October 2025,28 October 2025,France,Ramatuelle,0.5,"43°11′16,0″N","6°38′48,2″E","Thibaut T., Thouroude B.",Verlaque M.,HG84,,,43.187778,6.646722
1226,Ulvophyceae,Dasycladales,Dasycladaceae,Dasycladus,vermicularis,(Scopoli) Krasser,28 October 2025,28 October 2025,France,Ramatuelle,1,"43°11′16,0″N","6°38′48,2″E",Thibaut T.,Thibaut T.,HG85,,,43.187778,6.646722
174145,Phaeophyceae,Fucales,Sargassaceae,Gongolaria,montagnei,(J.Agardh) Kuntze,28 October 2025,28 October 2025,France,Ramatuelle,0.4,"43°11′22,2″N","6°38′59,5″E",Thibaut T.,Thibaut T.,HG86,,,43.1895,6.649861
166,Florideophyceae,Ceramiales,Rhodomelaceae,Halopithys,incurva,(Hudson) Batters,28 October 2025,28 October 2025,France,Ramatuelle,0.3,"43°11′16,0″N","6°38′48,2″E",Thouroude B.,Thouroude B.,HG87,,,43.187778,6.646722
1566,Florideophyceae,Ceramiales,Rhodomelaceae,Digenea,simplex,(Wulfen) C.Agardh,28 October 2025,28 October 2025,France,Ramatuelle,0.3,"43°11′22,2″N","6°38′59,5″E",Thouroude B.,Thouroude B.,HG88,,,43.1895,6.649861
177549,Phaeophyceae,Fucales,Sargassaceae,Ericaria,crinita,(Duby) Molinari & Guiry,28 October 2025,28 October 2025,France,Ramatuelle,0.5,"43°11′16,0″N","6°38′48,2″E",Thouroude B.,"Thibaut T., Thouroude B.",HG89,,,43.187778,6.646722
226,Ulvophyceae,Cladophorales,Cladophoraceae,Cladophora,coelothrix,Kützing,28 October 2025,28 October 2025,France,Ramatuelle,0.5,"43°11′16,0″N","6°38′48,2″E",Thouroude B.,Verlaque M.,HG90,,,43.187778,6.646722
132569,Ulvophyceae,Ulvales,Ulvaceae,Ulva,polyclada,Kraft,28 October 2025,28 October 2025,France,Ramatuelle,0.1,"43°11′16,0″N","6°38′48,2″E",Thibaut T.,Thibaut T.,HG91,,,43.187778,6.646722
1542,Florideophyceae,Ceramiales,Callithamniaceae,Seirospora,giraudyi,(Kützing) De Toni,25 October 2025,25 October 2025,France,"Les Aresquiers, Palavas les flots",,"43°30′11,4″N","3°58′54,8″E",Lamare V.,Verlaque M.,HG92,,,43.503167,3.981889
252,Fucophycidae,Ectocarpales,Acinetosporaceae,Hincksia,hincksiae,(Harvey) P.C.Silva,28 October 2025,28 October 2025,France,Ramatuelle,0.1,"43°11′16,0″N","6°38′48,2″E",Thibaut T.,Verlaque M.,HG93,,,43.187778,6.646722
186824,Florideophyceae,Ceramiales,Delesseriaceae,Dasysiphonia,sessilis,"(Yamada) M.M.Cassidy, C.W.Schneider & G.W.Saunders",07 November 2025,07 November 2025,France,"Mèze, Thau",0.2,"43°25′17,5″N","3°36′17,5″E",Thouroude B.,Thouroude B. & Verlaque M.,HG95,,,43.421528,3.604861
43897,Florideophyceae,Halymeniales,Grateloupiaceae,Grateloupia,asiatica,S.Kawaguchi & H.W.Wang,07 November 2025,07 November 2025,France,"Mèze, Thau",1,"43°25′17,5″N","3°36′17,5″E",Thouroude B.,Verlaque M.,HG96,,,43.421528,3.604861
166,Florideophyceae,Ceramiales,Rhodomelaceae,Halopithys,incurva,(Hudson) Batters,07 November 2025,07 November 2025,France,"Mèze, Thau",0.3,"43°25′17,5″N","3°36′17,5″E",Thouroude B.,Verlaque M.,HG97,Forme atlantique,,43.421528,3.604861
10458,Florideophyceae,Ceramiales,Rhodomelaceae,Laurencia,brongniartii,J.Agardh,07 November 2025,07 November 2025,France,"Mèze, Thau",1,"43°25′17,5″N","3°36′17,5″E",Thouroude B.,Verlaque M.,HG98,,,43.421528,3.604861
1129,Ulvophyceae,Bryopsidales,Bryopsidaceae,Bryopsis,duplex,De Notaris,12 November 2025,12 November 2025,France,"Mèze, Thau",0.1,"43°25′17,5″N","3°36′17,5″E",Thouroude B.,Verlaque M.,HG99,,,43.421528,3.604861
162888,Florideophyceae,Ceramiales,Rhodomelaceae,Melanothamnus,harveyi,(Bailey) Díaz-Tapia & Maggs,07 November 2025,07 November 2025,France,"Mèze, Thau",0.1,"43°25′17,5″N","3°36′17,5″E",Thouroude B.,Verlaque M.,HG100,,,43.421528,3.604861
222,Ulvophyceae,Cladophorales,Cladophoraceae,Chaetomorpha,linum,(O.F.Müller) Kützing,09 November 2025,09 November 2025,France,"Marseillan, Thau",0.1,"43°20′22,2″N","3°32′17,8″E",Thouroude B.,Thouroude B. & Verlaque M.,HG101,,,43.3395,3.538278
162889,Florideophyceae,Ceramiales,Rhodomelaceae,Melanothamnus,harveyi,(Bailey) Díaz-Tapia & Maggs,09 November 2025,09 November 2025,France,"Marseillan, Thau",0.1,"43°20′22,2″N","3°32′17,8″E",Thouroude B.,Verlaque M.,HG103,,,43.3395,3.538278
4802,Florideophyceae,Ceramiales,Rhodomelaceae,Laurencia,okamurae,Yamada,09 November 2025,09 November 2025,France,"Marseillan, Thau",0.2,"43°20′22,2″N","3°32′17,8″E",Thouroude B.,Thouroude B. & Verlaque M.,HG104,,,43.3395,3.538278
12754,Florideophyceae,Gigartinales,Phyllophoraceae,Gymnogongrus,flabelliformis,Harvey,12 November 2025,12 November 2025,France,"Frontignan, Ponton de la bordelaise, Thau",0.5,"43°25′26,9″N","3°42′1,4″E",Thouroude B.,Verlaque M.,HG105,,,43.424139,3.700389
832,Phaeophyceae,Ectocarpales,Scytosiphonaceae,Hydroclathrus,clathratus,(C.Agardh) M.Howe,12 November 2025,12 November 2025,France,"Frontignan, Ponton de la bordelaise, Thau",0.2,"43°25′26,9″N","3°42′1,4″E",Thouroude B.,Thouroude B.,HG107,,,43.424139,3.700389
43897,Florideophyceae,Halymeniales,Grateloupiaceae,Grateloupia,asiatica,S.Kawaguchi & H.W.Wang,12 November 2025,12 November 2025,France,"Frontignan, Ponton de la bordelaise, Thau",0.5,"43°25′26,9″N","3°42′1,4″E",Thouroude B.,Verlaque M.,HG109,,,43.424139,3.700389
172368,Florideophyceae,Ceramiales,Rhodomelaceae,Symphocladiella,dendroidea,"(Montagne) Bustamante, B.Y.Won, S.C.Lindstrom & T.O.Cho",12 November 2025,12 November 2025,France,"Frontignan, Ponton de la bordelaise, Thau",0.5,"43°25′26,9″N","3°42′1,4″E",Thouroude B.,Verlaque M.,HG110,,,43.424139,3.700389
162890,Florideophyceae,Ceramiales,Rhodomelaceae,Melanothamnus,harveyi,(Bailey) Díaz-Tapia & Maggs,15 November 2025,15 November 2025,France,"Mèze, Thau",0.1,"43°25′23,9″N","3°36′35,0″E",Thouroude B.,Verlaque M.,HG111,,,43.423306,3.609722
438,Florideophyceae,Gracilariales,Gracilariaceae,Gracilaria,bursa-pastoris,(S.G.Gmelin) P.C.Silva,15 November 2025,15 November 2025,France,"Mèze, Thau",0.2,"43°25′23,9″N","3°36′35,0″E",Thouroude B.,Verlaque M.,HG112,,,43.423306,3.609722
165,Florideophyceae,Ceramiales,Rhodomelaceae,Chondria,dasyphylla,(Woodward) C.Agardh,15 November 2025,15 November 2025,France,"Mèze, Thau",0.2,"43°25′23,9″N","3°36′35,0″E",Thouroude B.,Thouroude B.,HG113,,,43.423306,3.609722
436,Florideophyceae,Ceramiales,Ceramiaceae,Ceramium,ciliatum,(J.Ellis) Ducluzeau,15 November 2025,15 November 2025,France,"Mèze, Thau",0.1,"43°25′23,9″N","3°36′35,0″E",Thouroude B.,Borriglione M. & Thouroude B.,HG115,,,43.423306,3.609722
127,Florideophyceae,Gigartinales,Gigartinaceae,Chondracanthus,acicularis,(Roth) Fredericq,15 November 2025,15 November 2025,France,"Mèze, Thau",0.2,"43°25′23,9″N","3°36′35,0″E",Thouroude B.,Thouroude B.,HG116,,,43.423306,3.609722
74,Phaeophyceae,Ectocarpales,Scytosiphonaceae,Colpomenia,peregrina,Sauvageau,04/12/2025,4 Dec 2025,France,"Dyke, Port-St-Louis-du-Rhone",0.1,"43°23'23""N","4°51'59,0""E",Guieu M. & Thouroude B.,Verlaque M.,HG117,,,43.389722,4.866389
13319,Bangiophyceae,Bangiales,Bangiaceae,Bangia,fuscopurpurea,(Dillwyn) Lyngbye,04/12/2025,4 Dec 2025,France,"Dyke, Port-St-Louis-du-Rhone",0,"43°23'23""N","4°51'59,0""E",Guieu M. & Thouroude B.,Verlaque M.,HG118,,,43.389722,4.866389
460,Florideophyceae,Ceramiales,Callithamniaceae,Callithamnion,granulatum,(Ducluzeau) C.Agardh,04/12/2025,4 Dec 2025,France,"Dyke, Port-St-Louis-du-Rhone",0.1,"43°23'23""N","4°51'59,0""E",Guieu M. & Thouroude B.,Verlaque M.,HG119,,,43.389722,4.866389
477,Florideophyceae,Florideophyceae,Wrangeliaceae,Pleonosporium,borreri,(Smith) Nägeli,04/12/2025,4 Dec 2025,France,"Dyke, Port-St-Louis-du-Rhone",0.1,"43°23'23""N","4°51'59,0""E",Guieu M. & Thouroude B.,Verlaque M.,HG120,,,43.389722,4.866389
115,Florideophyceae,Nemastomatales,Schizymeniaceae,Schizymenia,dubyi,(Chauvin ex Duby) J.Agardh,04/12/2025,4 Dec 2025,France,"Dyke, Port-St-Louis-du-Rhone",0.1,"43°23'23""N","4°51'59,0""E",Guieu M. & Thouroude B.,Verlaque M.,HG121,,,43.389722,4.866389
31,Florideophyceae,Plocamiales,Plocamiaceae,Plocamium,cartilagineum,(Linnaeus) P.S.Dixon,17/12/2025,17 Dec 2025,France,"La grotte à Perez, Plane Island Marseille",1,"43°11'11""N","5°23'29""E",Thouroude B.,Thouroude B.,HG123,,,43.186389,5.391389
1220,Ulvophyceae,Bryopsidales,Bryopsidaceae,Bryopsis,muscosa,J.V.Lamouroux,17/12/2025,17 Dec 2025,France,"La grotte à Perez, Plane Island Marseille",1,"43°11'11""N","5°23'29""E",Thouroude B.,Thouroude B.,HG124,,,43.186389,5.391389
125,Florideophyceae,Gigartinales,Phyllophoraceae,Schottera,nicaeensis,(Duby) Guiry & Hollenberg,17/12/2025,17 Dec 2025,France,"La grotte à Perez, Plane Island Marseille",1,"43°11'11""N","5°23'29""E",Thouroude B.,Thouroude B.,HG125,,,43.186389,5.391389
678,Florideophyceae,Nemastomales,Schizymeniaceae,Platoma,cyclocolpum,(Montagne) F.Schmitz,17/12/2025,17 Dec 2025,France,"Les pierres tombées, Riou Island, Marseille",1,"43°10'27""N","5°23'53""E",Thouroude B.,Thouroude B.,HG126,,,43.174167,5.398056
143028,Ulvophyceae,Bryopsidales,Bryopsidaceae,Bryopsis,cupressina var. adriatica,(J.Agardh) M.J.Wynne,12/01/2026,12 Jan 2026,France,"Cap Caveaux, Frioul Islands, Marseille",20,"43°15'38.26""N","5°17'23.30""E",Thibaut T.,Thouroude B.,HG127,,,43.260628,5.289806
6,Florideophyceae,Bonnemaisoniales,Bonnemaisoniaceae,Asparagopsis,armata,Harvey,12/01/2026,12 Jan 2026,France,"Cap Caveaux, Frioul Islands, Marseille",5,"43°15'38.26""N","5°17'23.30""E",Thibaut T.,Thouroude B.,HG128,Falkenbergia-phase,,43.260628,5.289806
3632,Ulvophyceae,Bryopsidales,Bryopsidaceae,Bryopsis,corticulans,Setchell,23/02/2026,23 Feb 2026,France,"Bouzigues, Thau",0.3,"43°26'50.80""N","3°39'04.16""E",Thouroude B.,Verlaque M.,HG129,First observartion in Mediterranean Sea,,43.447444,3.651156
176005,Bangiophyceae,Bangiales,Bangiaceae,Neopyropia,yezoensis,(Ueda) L.-E.Yang & J.Brodie,23/02/2026,23 Feb 2026,France,"Bouzigues, Thau",0.3,"43°26'50.80""N","3°39'04.16""E",Thouroude B.,Thouroude B.,HG130,,,43.447444,3.651156
160,Florideophyceae,Ceramiales,Delesseriaceae,Radicilingua,thysanorhizans,(Holmes) Papenfuss,23/02/2026,23 Feb 2026,France,"Bouzigues, Thau",0.3,"43°26'50.80""N","3°39'04.16""E",Thouroude B.,Verlaque M.,HG131,,,43.447444,3.651156
334,Phaeophyceae,Sphacelariales,Stypocaulaceae,Halopteris,filicina,(Grateloup) Kützing,26/02/2026,26 Feb 2026,Fance,"La Cassidaigne, Cassis",33,"43°08'42.75""N","5°32'50.83""E",Thouroude B.,Thouroude B.,HG132,,,43.145208,5.547453
61554,Florideophyceae,Ceramiales,Delesseriaceae,Acrosorium,ciliolatum,(Harvey) Kylin,26/02/2026,26 Feb 2026,Fance,"La Cassidaigne, Cassis",8,"43°08'42.75""N","5°32'50.83""E",Thouroude B.,"Thibaut T., Thouroude B.",HG133,,,43.145208,5.547453
6,Florideophyceae,Bonnemaisoniales,Bonnemaisoniaceae,Asparagopsis,armata,Harvey,27/02/2026,27 Feb 2026,France,"Le Souquet, Marseille",20,"43°11'58.57""N","5°14'02.53""E",Thouroude B.,Thouroude B.,HG134,Gametophyte,,43.199603,5.234036
1630,Florideophyceae,Gigartinales,Chondrymeniaceae,Chondrymenia,lobata,(Meneghini) Zanardini,27/02/2026,27 Feb 2026,France,"Le Souquet, Marseille",20,"43°11'58.57""N","5°14'02.53""E",Thouroude B.,Verlaque M.,HG135,,,43.199603,5.234036
11457,Ulvophyceae,Cladophorales,Cladophoraceae,Chaetomorpha,aerea,(Dillwyn) Kützing,12/03/2026,12 Mar 2026,France,"Dyke, Port-St-Louis-du-Rhone",1,"43°23'22.42""N","4°51'56.94""E",Borriglione M. & Thouroude B.,Borriglione M.,HG136,,,43.389561,4.865817
222,Ulvophyceae,Cladophorales,Cladophoraceae,Chaetomorpha,linum,(O.F.Müller) Kützing,12/03/2026,12 Mar 2026,France,"Dyke, Port-St-Louis-du-Rhone",1,"43°23'22.42""N","4°51'56.94""E",Borriglione M. & Thouroude B.,Borriglione M.,HG137,,,43.389561,4.865817
4835,Florideophyceae,Ceramiales,Rhodomelaceae,Polysiphonia,morrowii,Harvey,12/03/2026,12 Mar 2026,France,"Dyke, Port-St-Louis-du-Rhone",1,"43°23'22.42""N","4°51'56.94""E",Borriglione M. & Thouroude B.,Verlaque M.,HG138,,,43.389561,4.865817
103,Florideophyceae,Nemaliales,Scinaiaceae,Scinaia,furcellata,(Turner) J.Agardh,12/03/2026,12 Mar 2026,France,"Dyke, Port-St-Louis-du-Rhone",1,"43°23'22.42""N","4°51'56.94""E",Borriglione M. & Thouroude B.,Verlaque M.,HG139,,,43.389561,4.865817
459,Florideophyceae,Ceramiales,Callithamniaceae,Callithamnion,corymbosum,(Smith) Lyngbye,12/03/2026,12 Mar 2026,France,"Dyke, Port-St-Louis-du-Rhone",1,"43°23'22.42""N","4°51'56.94""E",Borriglione M. & Thouroude B.,Verlaque M.,HG140,,,43.389561,4.865817
746,Florideophyceae,Ceramiales,Wrangeliaceae,Griffithsia,phyllamphora,J.Agardh,12/03/2026,12 Mar 2026,France,"Dyke, Port-St-Louis-du-Rhone",1,"43°23'22.42""N","4°51'56.94""E",Borriglione M. & Thouroude B.,Verlaque M.,HG141,,,43.389561,4.865817
76,Phaeophyceae,Ectocarpales,Scytosiphonaceae,Scytosiphon,lomentaria,(Lyngbye) Link,12/03/2026,12 Mar 2026,France,"Dyke, Port-St-Louis-du-Rhone",1,"43°23'22.42""N","4°51'56.94""E",Borriglione M. & Thouroude B.,Verlaque M.,HG142,,,43.389561,4.865817
93255,Florideophyceae,Ceramiales,Rhodomelaceae,Vertebrata,furcellata,(C.Agardh) Kuntze,16/03/2026,16 Mar 2026,France,"Bouzigues, Thau",0.5,"43°26'50.80""N","3°39'04.16""E",Thouroude B.,Verlaque M.,HG143,,,43.447444,3.651156
133475,Florideophyceae,Ceramiales,Rhodomelaceae,Osmundea,oederi,(Gunnerus) G.Furnari,16/03/2026,16 Mar 2026,France,"Bouzigues, Thau",0.5,"43°26'50.80""N","3°39'04.16""E",Thouroude B.,Verlaque M.,HG144,,,43.447444,3.651156
129,Florideophyceae,Gigartinales,Dumontiaceae,Dudresnaya,verticillata, (Withering) Le Jolis,25/05/2026,25 May 2026,France,"Veyron, Marseille",15,"43°12′25,0″N","5°15′12,4″E",Thouroude B.,Thouroude B.,HG145,,,43.206944,5.253444
1631,Florideophyceae,Sebdaniales,Sebdeniaceae,Sebdenia,dichotoma,Berthold,07/06/2026,07 Jun 2026,France,"Planier, Marseille",21,"43°11′54,6″N","5°13′49,4″E",Thouroude B.,Thouroude B.,HG146,,,43.1985,5.230389
695,Florideophyceae,Rhodymeniales,Rhodymeniaceae,Chrysymenia,ventricosa,(J.V.Lamouroux) J.Agardh,07/06/2026,07 Jun 2026,France,"Planier, Marseille",5,"43°11′54,6″N","5°13′49,4″E",Thouroude B.,Thouroude B.,HG147,,,43.1985,5.230389
351,Ulvophyceae,Dasycladales,Polyphysaceae,Acetabularia,acetabulum,(Linnaeus) P.C.Silva,08/06/2026,08 Jun 2026,France,"Planier, Marseille",2,"43°11'57.19""N","5°13'50.59""E",Thouroude B.,Thouroude B.,HG148,,,43.199219,5.230719
165505,Florideophyceae,Ceramiales,Rhodomelaceae,Chondria,mediterranea,(Kützing) M.J.Wynne,08/06/2026,08 Jun 2026,France,"Planier, Marseille",2,"43°11'57.19""N","5°13'50.59""E",Thouroude B.,Thouroude B.,HG149,,,43.199219,5.230719
827,Phaeophyceae,Fucales,Sargassaceae,Sargassum,vulgare,C.Agardh,25/06/2026,25 Jun 2026,France,"Cap Caveaux, Frioul Islands, Marseille",15,"43°15'36.76""N","5°17'20.98""E",Thouroude B.,Thouroude B.,HG150,,,43.260211,5.289161
700,Florideophyceae,Rhodymeniales,Champiaceae,Gastroclonium,clavatum,(Roth) Ardissone,26/06/2026,26 Jun 2026,France,"Digue du large, Marseille",0.1,"43°20'10.42""N","5°20'11.47""E",Thiriot F. & Thibaut T.,Thouroude B.,HG151,,,43.336228,5.336519
1463,Florideophyceae,Gigartinales,Rissoellaceae,Rissoella,verruculosa,(A.Bertoloni) J.Agardh,26/06/2026,26 Jun 2026,France,"Digue du large, Marseille",0.1,"43°20'04.52""N","5°20'22.16""E",Thiriot F. & Thibaut T.,Thouroude B.,HG152,,,43.334589,5.339489
31,Florideophyceae,Plocamiales,Plocamiaceae,Plocamium,cartilagineum,(Linnaeus) P.S.Dixon,05/07/2026,05 Jul 2026,France,"Planier, Marseille",15,"43°11'58.59""N","5°13'53.84""E",Thouroude B.,Thouroude B.,HG153,,,43.199608,5.231622
1341,Phaeophyceae,Fucales,Sargassaceae,Cystoseira,jabukae,Ercegović,07/07/2026,07 Jul 2026,France,"Moyade, Riou Island, Marseille",25,"43°10'33.66""N","5°22'15.59""E",Thibaut T.,Thibaut T. & Thouroude B.,HG154,,,43.176017,5.370997
812,Florideophyceae,Ceramiales,Rhodomelaceae,Osmundaria,volubilis,(Linnaeus) R.E.Norris,20/07/2026,20 Jul 2026,France,"Planier, Marseille",35,"43°11'44.65""N","5°13'17.71""E",Thouroude B.,Thouroude B.,HG155,,,43.195736,5.221586
184095,Phaeophyceae,Fucales,Sargassaceae,Gongolaria,montagnei var. compressa,"Verlaque, Blanfuné, Boudouresque & Thibaut",16/06/2026,16 Jul 2026,Monaco,"Larvotto, Monte-Carlo",30,"43°44'31.33""N","7°26'02.18""E",Astruch P. & Schon T.,Thibaut T.,HG156,Silica gel + 1 tube in freezer -80°C,,43.742036,7.433939
827,Phaeophyceae,Fucales,Sargassaceae,Sargassum,vulgare,C.Agardh,23/09/2026,23 Sep 2026,France,"Sec du soldat, Marseille",35,"43°12'11.38""N","5°28'28.93""E",Thouroude B.,Boudouresque C.-F.; Thibaut T. & Thouroude B.,HG157,S. flavifolium ??,,43.203161,5.474703
827,Phaeophyceae,Fucales,Sargassaceae,Sargassum,vulgare,C.Agardh,23/09/2026,23 Sep 2026,France,"Sec du soldat, Marseille",35,"43°12'11.38""N","5°28'28.93""E",Thouroude B.,Boudouresque C.-F.; Thibaut T. & Thouroude B.,HG157,S. flavifolium ??,,43.203161,5.474703
177545,Phaeophyceae,Fucales,Sargassaceae,Ericaria,amentacea,(C.Agardh) Molinari & Guiry,12/09/2025,12 sept. 2025,France,Sausset les pins,0.1,"43°10′26,1″N","5°23′55,1″E",Blanfuné A.,Blanfuné A.,HBT01,,,43.173917,5.398639
177533,Phaeophyceae,Fucales,Sargassaceae,Gongolaria,montagnei var tenuior,(Ercegović) Molinari & Guiry,22/09/2025,22 sept. 2025,France,"Pierre à Joseph, Plane Island, Marseille",12,"43°11′7,2″N","5°23′22,1″E",Thibaut T.,Thibaut T.,HBT02,,,43.185333,5.389472
177552,Phaeophyceae,Fucales,Sargassaceae,Ericaria,zosteroides,(C.Agardh) Molinari & Guiry,15/10/2025,15 oct. 2025,France,"Tiboulen, Maire Island, Marseille",30,"43°12′51,0″N","5°19′32,4″E",Thouroude B.,Thouroude B.,HBT03,,,43.214167,5.325667
134329,Phaeophyceae,Dictyotales,Dictyotaceae,Rugulopteryx,okamurae,"(E.Y.Dawson) I.K.Hwang, W.J.Lee & H.S.Kim",16/10/2025,16 oct. 2025,France,La Seyne-sur-Mer,1,"43°5′34,5″N","5°54′30,1″E",Thouroude B.,Thouroude B.,HBT04,,,43.092917,5.908361
90,Phaeophyceae,Fucales,Sargassaceae,Sargassum,muticum,(Yendo) Fensholt,17/10/2025,17 oct. 2025,France,"Mèze, Thau",0.5,"43°25′23,9″N","3°36′35,0″E",Thouroude B.,Thouroude B.,HBT05,,,43.423306,3.609722
177533,Phaeophyceae,Fucales,Sargassaceae,Gongolaria,montagnei var tenuior,(Ercegović) Molinari & Guiry,19/10/2025,19 oct. 2025,France,Moyade-Marseille,25,"43°10'36.98""N","5°22'14.05""E",Thibaut T.,Thibaut T.,HBT06,,,43.176939,5.370569
77,Phaeophyceae,Fucales,Sargassaceae,Sargassum,sp.,C.Agardh,28/10/2025,28 oct. 2025,France,Ramatuelle,0.1,"43°11′16,0″N","6°38′48,2″E","Thibaut T., Thouroude B.","Thibaut T., Thouroude B.",HBT07,,,43.187778,6.646722
177549,Phaeophyceae,Fucales,Sargassaceae,Ericaria,crinita,(Duby) Molinari & Guiry,28/10/2025,28 oct. 2025,France,Ramatuelle,0.5,"43°11′16,0″N","6°38′48,2″E",Thouroude B.,"Thibaut T., Thouroude B.",HBT08,,,43.187778,6.646722
177548,Phaeophyceae,Fucales,Sargassaceae,Ericaria,brachycarpa,(J.Agardh) Molinari & Guiry,28/10/2025,28 oct. 2025,France,Ramatuelle,0.3,"43°11′22,2″N","6°38′59,5″E",Thouroude B.,Thouroude B.,HBT09,,,43.1895,6.649861
177530,Phaeophyceae,Fucales,Sargassaceae,Gongolaria,barbata,(Stackhouse) Kuntze,28/10/2025,28 oct. 2025,France,Ramatuelle,0.5,"43°11′16,0″N","6°38′48,2″E","Thibaut T., Thouroude B.","Thibaut T., Thouroude B.",HBT10,,,43.187778,6.646722
177530,Phaeophyceae,Fucales,Sargassaceae,Gongolaria,barbata,(Stackhouse) Kuntze,28/10/2025,28 oct. 2025,France,Ramatuelle,0.5,"43°11′16,0″N","6°38′48,2″E","Thibaut T., Thouroude B.","Thibaut T., Thouroude B.",HBT11,,,43.187778,6.646722
177530,Phaeophyceae,Fucales,Sargassaceae,Gongolaria,barbata,(Stackhouse) Kuntze,28/10/2025,28 oct. 2025,France,Ramatuelle,0.5,"43°11′16,0″N","6°38′48,2″E","Thibaut T., Thouroude B.","Thibaut T., Thouroude B.",HBT12,,,43.187778,6.646722
177530,Phaeophyceae,Fucales,Sargassaceae,Gongolaria,barbata,(Stackhouse) Kuntze,28/10/2025,28 oct. 2025,France,Ramatuelle,0.5,"43°11′16,0″N","6°38′48,2″E","Thibaut T., Thouroude B.","Thibaut T., Thouroude B.",HBT13,,,43.187778,6.646722
58360,Phaeophyceae,Fucales,Sargassaceae,Cystoseira,foeniculacea f. tenuiramosa,"A.Gómez Garreta, M.C.Barceló, M.A.Ribera & J.Rull Lluch",28/10/2025,28 oct. 2025,France,Ramatuelle,0.3,"43°11′16,0″N","6°38′48,2″E",Thouroude B.,Thouroude B.,HBT14,,,43.187778,6.646722
58360,Phaeophyceae,Fucales,Sargassaceae,Cystoseira,foeniculacea f. tenuiramosa,"A.Gómez Garreta, M.C.Barceló, M.A.Ribera & J.Rull Lluch",28/10/2025,28 oct. 2025,France,Ramatuelle,0.3,"43°11′16,0″N","6°38′48,2″E",Thouroude B.,Thouroude B.,HBT15,,,43.187778,6.646722
21470,Ulvophyceae,Bryopsidales,Caulerpaceae,Caulerpa,cylindracea,Sonder,28/10/2025,28 oct. 2025,France,Ramatuelle,0.5,"43°11′16,0″N","6°38′48,2″E",Thouroude B.,Thouroude B.,HBT16,,,43.187778,6.646722
791,Florideophyceae,Ceramiales,Rhodomelaceae,Polysiphonia,flocculosa,(C.Agardh) Endlicher,04/11/2025,04 nov. 2025,France,"SOLEMIO buoy, Marseille",0,"43°15'19.90""N","5°17'12.79""E",Thouroude B.,Thouroude B.,HBT17,,,43.255528,5.286886
59,Phaeophyceae,Dictyotales,Dictyotaceae,Dictyopteris,polypodioides,(De Candolle) J.V.Lamouroux,12/11/2025,12 nov. 2025,France,"Frontignan, Ponton de la bordelaise, Thau",1,"43°25′26,9″N","3°42′1,4″E",Thouroude B.,Thouroude B.,HBT18,,,43.424139,3.700389
43897,Florideophyceae,Halymeniales,Grateloupiaceae,Grateloupia,asiatica,S.Kawaguchi & H.W.Wang,12/11/2025,12 nov. 2025,France,"Frontignan, Ponton de la bordelaise, Thau",0.5,"43°25′26,9″N","3°42′1,4″E",Thouroude B.,Verlaque M.,HBT19,,,43.424139,3.700389
3483,Florideophyceae,Gigartinales,Gigartinaceae,Chondrus,giganteus f. flabelatus,Yendo,12/11/2025,12 nov. 2025,France,"Frontignan, Ponton de la bordelaise, Thau",0.6,"43°25′26,9″N","3°42′1,4″E",Thouroude B.,Verlaque M.,HBT20,,,43.424139,3.700389
10458,Florideophyceae,Ceramiales,Rhodomelaceae,Laurencia,brongniartii,J.Agardh,15/11/2025,15 nov. 2025,France,"Mèze, Thau",0.3,"43°25′23,9″N","3°36′35,0″E",Thouroude B.,Verlaque M.,HBT21,,,43.423306,3.609722
115,Florideophyceae,Nemastomatales,Schizymeniaceae,Schizymenia,dubyi,(Chauvin ex Duby) J.Agardh,04/12/2025,4 dec. 2025,France,"Dyke, Port-St-Louis-du-Rhone",0.1,"43°23'23""N","4°51'59,0""E",Guieu M. & Thouroude B.,Verlaque M.,HBT22,,,43.389722,4.866389
115,Florideophyceae,Nemastomatales,Schizymeniaceae,Schizymenia,dubyi,(Chauvin ex Duby) J.Agardh,04/12/2025,4 dec. 2025,France,"Dyke, Port-St-Louis-du-Rhone",0.1,"43°23'23""N","4°51'59,0""E",Guieu M. & Thouroude B.,Verlaque M.,HBT23,,,43.389722,4.866389
115,Florideophyceae,Nemastomatales,Schizymeniaceae,Schizymenia,dubyi,(Chauvin ex Duby) J.Agardh,04/12/2025,4 dec. 2025,France,"Dyke, Port-St-Louis-du-Rhone",0.1,"43°23'23""N","4°51'59,0""E",Guieu M. & Thouroude B.,Verlaque M.,HBT24,,,43.389722,4.866389
115,Florideophyceae,Nemastomatales,Schizymeniaceae,Schizymenia,dubyi,(Chauvin ex Duby) J.Agardh,04/12/2025,4 dec. 2025,France,"Dyke, Port-St-Louis-du-Rhone",0.1,"43°23'23""N","4°51'59,0""E",Guieu M. & Thouroude B.,Verlaque M.,HBT25,,,43.389722,4.866389
115,Florideophyceae,Nemastomatales,Schizymeniaceae,Schizymenia,dubyi,(Chauvin ex Duby) J.Agardh,04/12/2025,4 dec. 2025,France,"Dyke, Port-St-Louis-du-Rhone",0.1,"43°23'23""N","4°51'59,0""E",Guieu M. & Thouroude B.,Verlaque M.,HBT26,,,43.389722,4.866389
149,Florideophyceae,Ceramiales,Wrangeliaceae,Halurus,flosculosus,(J.Ellis) Maggs & Hommersand,04/12/2025,4 dec. 2025,France,"Dyke, Port-St-Louis-du-Rhone",0.2,"43°23'23""N","4°51'59,0""E",Guieu M. & Thouroude B.,Verlaque M.,HBT27,,,43.389722,4.866389
4802,Florideophyceae,Ceramiales,Rhodomelaceae,Laurencia,okamurae,Yamada,04/12/2025,4 dec. 2025,France,"Dyke, Port-St-Louis-du-Rhone",0.2,"43°23'23""N","4°51'59,0""E",Guieu M. & Thouroude B.,Thouroude B.,HBT28,,,43.389722,4.866389
4802,Florideophyceae,Ceramiales,Rhodomelaceae,Laurencia,okamurae,Yamada,04/12/2025,4 dec. 2025,France,"Dyke, Port-St-Louis-du-Rhone",0.2,"43°23'23""N","4°51'59,0""E",Guieu M. & Thouroude B.,Thouroude B.,HBT29,,,43.389722,4.866389
4802,Florideophyceae,Ceramiales,Rhodomelaceae,Laurencia,okamurae,Yamada,04/12/2025,4 dec. 2025,France,"Dyke, Port-St-Louis-du-Rhone",0.2,"43°23'23""N","4°51'59,0""E",Guieu M. & Thouroude B.,Thouroude B.,HBT30,,,43.389722,4.866389
4802,Florideophyceae,Ceramiales,Rhodomelaceae,Laurencia,okamurae,Yamada,04/12/2025,4 dec. 2025,France,"Dyke, Port-St-Louis-du-Rhone",0.2,"43°23'23""N","4°51'59,0""E",Guieu M. & Thouroude B.,Thouroude B.,HBT31,,,43.389722,4.866389
31,Florideophyceae,Plocamiales,Plocamiaceae,Plocamium,cartilagineum,(Linnaeus) P.S.Dixon,17/12/2025,17 dec. 2025,France,"La grotte à Perez, Plane Island Marseille",1,"43°11'11""N","5°23'29""E",Thouroude B.,Thouroude B.,HBT32,,,43.186389,5.391389
12624,Phaeophyceae,Sphacelariales,Stypocaulaceae,Halopteris,scoparia,(Linnaeus) Sauvageau,17/12/2025,17 dec. 2025,France,"Les pierres tombées, Riou Island, Marseille",15,"43°10'27""N","5°23'53""E",Thouroude B.,Thouroude B.,HBT33,,,43.174167,5.398056
12624,Phaeophyceae,Sphacelariales,Stypocaulaceae,Halopteris,scoparia,(Linnaeus) Sauvageau,17/12/2025,17 dec. 2025,France,"Les pierres tombées, Riou Island, Marseille",15,"43°10'27""N","5°23'53""E",Thouroude B.,Thouroude B.,HBT34,,,43.174167,5.398056
12624,Phaeophyceae,Sphacelariales,Stypocaulaceae,Halopteris,scoparia,(Linnaeus) Sauvageau,17/12/2025,17 dec. 2025,France,"Les pierres tombées, Riou Island, Marseille",15,"43°10'27""N","5°23'53""E",Thouroude B.,Thouroude B.,HBT35,,,43.174167,5.398056
6,Florideophyceae,Bonnemaisoniales,Bonnemaisoniaceae,Hypoglossum,hypoglossoides,(Stackhouse) Collins & Hervey,12/01/2026,12 jan. 2026,France,"Cap Caveaux, Frioul Islands, Marseille",5,"43°15'38.26""N","5°17'23.30""E",Thibaut T.,Boudouresque C.-F.,HBT36,,,43.260628,5.289806
10458,Florideophyceae,Ceramiales,Rhodomelaceae,Laurencia,brongniartii,J.Agardh,23/02/2026,23 feb. 2026,France,"Bouzigues, Thau",0.5,"43°26'50.80""N","3°39'04.16""E",Thouroude B.,Thouroude B.,HBT37,,,43.447444,3.651156
438,Florideophyceae,Gracilariales,Gracilariaceae,Gracilaria,bursa-pastoris,(S.G.Gmelin) P.C.Silva,23/02/2026,23 feb. 2026,France,"Bouzigues, Thau",0.3,"43°26'50.80""N","3°39'04.16""E",Thouroude B.,Verlaque M.,HBT38,,,43.447444,3.651156
3632,Ulvophyceae,Bryopsidales,Bryopsidaceae,Bryopsis,corticulans,Setchell,23/02/2026,23 feb. 2026,France,"Bouzigues, Thau",0.3,"43°26'50.80""N","3°39'04.16""E",Thouroude B.,Verlaque M.,HBT39,,,43.447444,3.651156
3632,Ulvophyceae,Bryopsidales,Bryopsidaceae,Bryopsis,corticulans,Setchell,23/02/2026,23 feb. 2026,France,"Bouzigues, Thau",0.3,"43°26'50.80""N","3°39'04.16""E",Thouroude B.,Verlaque M.,HBT40,,,43.447444,3.651156
3632,Ulvophyceae,Bryopsidales,Bryopsidaceae,Bryopsis,corticulans,Setchell,23/02/2026,23 feb. 2026,France,"Bouzigues, Thau",0.3,"43°26'50.80""N","3°39'04.16""E",Thouroude B.,Verlaque M.,HBT41,,,43.447444,3.651156
176005,Bangiophyceae,Bangiales,Bangiaceae,Neopyropia,yezoensis,(Ueda) L.-E.Yang & J.Brodie,23/02/2026,23 feb. 2026,France,"Bouzigues, Thau",0.3,"43°26'50.80""N","3°39'04.16""E",Thouroude B.,Thouroude B.,HBT42,,,43.447444,3.651156
134329,Phaeophyceae,Dictyotales,Dictyotaceae,Rugulopteryx,okamurae,"(E.Y.Dawson) I.K.Hwang, W.J.Lee & H.S.Kim",26/02/2026,26 feb. 2026,France,"La Cassidaigne, Cassis",8,"43°08'42.75""N","5°32'50.83""E",Thouroude B.,"Thibaut T., Thouroude B.",HBT43,,,43.145208,5.547453
61554,Florideophyceae,Ceramiales,Delesseriaceae,Acrosorium,ciliolatum,(Harvey) Kylin,26/02/2026,26 feb. 2026,France,"La Cassidaigne, Cassis",8,"43°08'42.75""N","5°32'50.83""E",Thouroude B.,"Thibaut T., Thouroude B.",HBT44,,,43.145208,5.547453
180912,Florideophyceae,Rhodymeniales,Rhodymeniaceae,Irvinea,chiajeana,"(Meneghini) Cormaci, Alongi & G.Furnari",27/02/2026,27 feb. 2026,France,"Le Veyron, Marseille",35,"43°12′25,0″N","5°15′12,4″E",Thouroude B.,Verlaque M.,HBT45,,,43.206944,5.253444
695,Florideophyceae,Rhodymeniales,Rhodymeniaceae,Chrysymenia,ventricosa,(J.V.Lamouroux) J.Agardh,27/02/2026,27 feb. 2026,France,"Le Veyron, Marseille",40,"43°12′25,0″N","5°15′12,4″E",Thouroude B.,Verlaque M.,HBT46,,,43.206944,5.253444
1631,Florideophyceae,Sebdaniales,Sebdeniales,Sebdenia,dichotoma,Berthold,26/02/2026,26 feb. 2026,France,"La Cassidaigne, Cassis",15,"43°08'42.75""N","5°32'50.83""E",Thouroude B.,Thouroude B.,HBT47,,,43.145208,5.547453
30,Florideophyceae,Gigartinales,Phyllophoraceae,Phyllophora,crispa,(Hudson) P.S.Dixon,27/02/2026,27 feb. 2026,France,"Le Souquet, Marseille",20,"43°11'58.57""N","5°14'02.53""E",Thouroude B.,Thouroude B.,HBT48,,,43.199603,5.234036
177552,Phaeophyceae,Fucales,Sargassaceae,Ericaria,zosteroides,(C.Agardh) Molinari & Guiry,27/02/2026,27 feb. 2026,France,"Le Veyron, Marseille",35,"43°12′25,0″N","5°15′12,4″E",Thouroude B.,Thouroude B.,HBT49,,,43.206944,5.253444
115,Florideophyceae,Nemastomatales,Schizymeniaceae,Schizymenia,dubyi,(Chauvin ex Duby) J.Agardh,12/03/2026,12 mar. 2026,France,"Dyke, Port-St-Louis-du-Rhone",0.1,"43°23'22.42""N","4°51'56.94""E",Borriglione M. & Thouroude B.,Thouroude B.,HBT50,,,43.389561,4.865817
115,Florideophyceae,Nemastomatales,Schizymeniaceae,Schizymenia,dubyi,(Chauvin ex Duby) J.Agardh,12/03/2026,12 mar. 2026,France,"Dyke, Port-St-Louis-du-Rhone",0.1,"43°23'22.42""N","4°51'56.94""E",Borriglione M. & Thouroude B.,Thouroude B.,HBT51,,,43.389561,4.865817
115,Florideophyceae,Nemastomatales,Schizymeniaceae,Schizymenia,dubyi,(Chauvin ex Duby) J.Agardh,12/03/2026,12 mar. 2026,France,"Dyke, Port-St-Louis-du-Rhone",0.1,"43°23'22.42""N","4°51'56.94""E",Borriglione M. & Thouroude B.,Thouroude B.,HBT52,,,43.389561,4.865817
4835,Florideophyceae,Ceramiales,Rhodomelaceae,Polysiphonia,morrowii,Harvey,12/03/2026,12 mar. 2026,France,"Dyke, Port-St-Louis-du-Rhone",1,"43°23'22.42""N","4°51'56.94""E",Borriglione M. & Thouroude B.,Verlaque M.,HBT53,,,43.389561,4.865817
74,Phaeophyceae,Ectocarpales,Scytosiphonaceae,Colpomenia,peregrina,Sauvageau,13/03/2026,13 mar. 2026,France,"Dyke, Port-St-Louis-du-Rhone",1,"43°23'22.42""N","4°51'56.94""E",Borriglione M. & Thouroude B.,Thouroude B.,HBT54,,,43.389561,4.865817
746,Florideophyceae,Ceramiales,Wrangeliaceae,Griffithsia,phyllamphora,J.Agardh,13/03/2026,13 mar. 2026,France,"Dyke, Port-St-Louis-du-Rhone",1,"43°23'22.42""N","4°51'56.94""E",Borriglione M. & Thouroude B.,Verlaque M.,HBT55,,,43.389561,4.865817
3632,Ulvophyceae,Bryopsidales,Bryopsidaceae,Bryopsis,corticulans,Setchell,16/03/2026,16 mar. 2026,France,"Bouzigues, Thau",0.5,"43°26'50.80""N","3°39'04.16""E",Thouroude B.,Verlaque M.,HBT56,,,43.447444,3.651156
3632,Ulvophyceae,Bryopsidales,Bryopsidaceae,Bryopsis,corticulans,Setchell,16/03/2026,16 mar. 2026,France,"Bouzigues, Thau",0.5,"43°26'50.80""N","3°39'04.16""E",Thouroude B.,Verlaque M.,HBT57,,,43.447444,3.651156
3632,Ulvophyceae,Bryopsidales,Bryopsidaceae,Bryopsis,corticulans,Setchell,16/03/2026,16 mar. 2026,France,"Bouzigues, Thau",0.5,"43°26'50.80""N","3°39'04.16""E",Thouroude B.,Verlaque M.,HBT58,,,43.447444,3.651156
1220,Ulvophyceae,Bryopsidales,Bryopsidaceae,Bryopsis,muscosa,J.V.Lamouroux,23/03/2026,23 mar. 2026,France,"Callelongue, Marseille",0.1,"43°12'43.29""N","5°21'08.79""E",Thouroude B.,Thouroude B.,HBT59,,,43.212025,5.352442
157,Florideophyceae,Ceramiales,Delesseriaceae,Nitophyllum,punctatum,(Stackhouse) Greville,23/03/2026,23 mar. 2026,France,"Callelongue, Marseille",0.1,"43°12'43.29""N","5°21'08.79""E",Borriglione M.,Borriglione M. & Thouroude B.,HBT60,,,43.212025,5.352442
349,Florideophyceae,Gigartinales,Cystocloniaceae,Hypnea,musciformis,(Wulfen) J.V. Lamouroux,23/03/2026,23 mar. 2026,France,"Callelongue, Marseille",0.1,"43°12'43.29""N","5°21'08.79""E",Borriglione M.,Borriglione M. & Thouroude B.,HBT61,,,43.212025,5.352442
1220,Ulvophyceae,Bryopsidales,Bryopsidaceae,Bryopsis,muscosa,J.V.Lamouroux,23/03/2026,23 mar. 2026,France,"Callelongue, Marseille",0.1,"43°12'43.29""N","5°21'08.79""E",Thouroude B.,Thouroude B.,HBT62,,,43.212025,5.352442
1220,Ulvophyceae,Bryopsidales,Bryopsidaceae,Bryopsis,muscosa,J.V.Lamouroux,23/03/2026,23 mar. 2026,France,"Callelongue, Marseille",0.1,"43°12'43.29""N","5°21'08.79""E",Thouroude B.,Thouroude B.,HBT63,,,43.212025,5.352442
1542,Florideophyceae,Ceramiales,Callithamniaceae,Seirospora,giraudyi,(Kützing) De Toni,23/03/2026,23 mar. 2026,France,"Callelongue, Marseille",1,"43°12'43.29""N","5°21'08.79""E",Borriglione M.,Borriglione M. & Thouroude B.,HBT64,,,43.212025,5.352442
460,Florideophyceae,Ceramiales,Callithamniaceae,Callithamnion,granulatum,(Ducluzeau) C.Agardh,23/03/2026,23 mar. 2026,France,"Callelongue, Marseille",0.1,"43°12'43.29""N","5°21'08.79""E",Thouroude B.,Thouroude B.,HBT65,,,43.212025,5.352442
3632,Ulvophyceae,Bryopsidales,Bryopsidaceae,Bryopsis,corticulans,Setchell,16/03/2026,16 mar. 2026,France,"Bouzigues, Thau",0.5,"43°26'50.80""N","3°39'04.16""E",Thouroude B.,Thouroude B.,HBT66,,,43.447444,3.651156
62,Phaeophyceae,Dictyotales,Dictyotaceae,Taonia,atomaria,(Woodward) J.Agardh,06/04/2026,06 apr. 2026,France,La Seyne-sur-Mer,0.1,"43°06'02.93""N","5°54'37.49""E",Thouroude B.,Thouroude B.,HBT67,,,43.100814,5.910414
4802,Florideophyceae,Ceramiales,Rhodomelaceae,Laurencia,okamurae,Yamada,06/04/2026,06 apr. 2026,France,La Seyne-sur-Mer,0.2,"43°06'02.93""N","5°54'37.49""E",Thouroude B.,Thouroude B.,HBT68,,,43.100814,5.910414
4363,Florideophyceae,Halymeniales,Halymeniaceae,Grateloupia,turuturu,Yamada,02/06/2026,02 jun. 2026,France,"Ponton de la Bordelaise, Frontignan, Thau lagoon",0.2,"43°25′26,9″N","3°42′1,4″E",Thouroude B.,Thouroude B.,HBT69,,,43.424139,3.700389
337,Phaeophyceae,Fucales,Sargassaceae,Cystoseira,foeniculacea,(Linnaeus) Greville,05/06/2026,05 jun. 2026,France,"Cap Caveaux, Frioul Islands, Marseille",30,"43°15'37.29""N","5°17'22.63""E",Thouroude B.,Thouroude B.,HBT70,,,43.260358,5.289619
695,Florideophyceae,Rhodymeniales,Rhodymeniaceae,Chrysymenia,ventricosa,(J.V.Lamouroux) J.Agardh,07/06/2026,07 jun. 2026,France,"Planier, Marseille",5,"43°11′54,6″N","5°13′49,4″E",Thouroude B.,Thouroude B.,HBT71,,,43.1985,5.230389
77,Phaeophyceae,Fucales,Sargassaceae,Sargassum,sp.,C.Agardh,08/06/2026,08 jun. 2026,France,"Dalton ship wreck, Planier, Marseille",25,"43°11'57.63""N","5°13'51.06""E",Thouroude B.,Thouroude B.,HBT72,,,43.199342,5.23085
58,Phaeophyceae,Sphacelariales,Cladostephaceae,Cladostephus,spongiosus,(Hudson) C.Agardh,08/06/2026,08 jun. 2026,France,"Dalton ship wreck, Planier, Marseille",15,"43°11'57.63""N","5°13'51.06""E",Thouroude B.,Thouroude B.,HBT73,,,43.199342,5.23085
129,Florideophyceae,Gigartinales,Dumontiaceae,Dudresnaya,verticillata,(Withering) Le Jolis,08/06/2026,08 jun. 2026,France,"Dalton ship wreck, Planier, Marseille",25,"43°11'57.63""N","5°13'51.06""E",Thouroude B.,Thouroude B.,HBT74,,,43.199342,5.23085
129,Florideophyceae,Gigartinales,Dumontiaceae,Dudresnaya,verticillata,(Withering) Le Jolis,08/06/2026,08 jun. 2026,France,"Dalton ship wreck, Planier, Marseille",25,"43°11'57.63""N","5°13'51.06""E",Thouroude B.,Thouroude B.,HBT75,,,43.199342,5.23085
129,Florideophyceae,Gigartinales,Dumontiaceae,Dudresnaya,verticillata,(Withering) Le Jolis,08/06/2026,08 jun. 2026,France,"Dalton ship wreck, Planier, Marseille",25,"43°11'57.63""N","5°13'51.06""E",Thouroude B.,Thouroude B.,,,Donnée à Capucine Le Cam Ligier,43.199342,5.23085
64,Phaeophyceae,Sporochnales,Sporochnaceae,Sporochnus,pedunculatus,(Hudson) C.Agardh,15/06/2026,15 jun. 2026,France,"Cap Caveaux, Frioul Islands, Marseille",30,"43°15'37.29""N","5°17'22.63""E",Thouroude B.,Thouroude B.,HBT76,,,43.260358,5.289619
177551,Phaeophyceae,Fucales,Sargassaceae,Ericaria,mediterranea,(Sauvageau) Molinari & Guiry,14/06/2026,14 jun 2026,Spain,L'Estartit,0,"42°03'11.02""N","3°12'33.08""E",Thouroude B.,Thouroude B.,HBT77,,,42.053061,3.209189
1297,Phaeophyceae,Sporochnales,Sporochnaceae,Carpomitra,costata var. mediterranea,(Feldmann) Feldmann,15/06/2026,15 jun 2026,France,"Planier, Marseille",15,"43°11'58.68""N","5°13'47.35""E",Thouroude B.,Thouroude B.,HBT78,,,43.199633,5.229819
4802,Florideophyceae,Ceramiales,Rhodomelaceae,Laurencia,okamurae,Yamada,18/06/2026,18 jun. 2026,France,La Seyne-sur-Mer,0.1,"43°06'02.93""N","5°54'37.49""E",Thouroude B.,Thouroude B.,HBT79,,,43.100814,5.910414
31,Florideophyceae,Plocamiales,Plocamiaceae,Plocamium,cartilagineum,(Linnaeus) P.S.Dixon,05/07/2026,05 jul.. 2026,France,"Planier, Marseille",25,"43°11'58.68""N","5°13'47.35""E",Thouroude B.,Thouroude B.,HBT80,,,43.199633,5.229819
55,Phaeophyceae,Tilopteridales,Cutleriaceae,Cutleria,multifida,(Turner) Greville,06/07/2026,06 jul.. 2026,France,"North Frioul Island, Marseille",30,"43°17'13.63""N","5°18'54.21""E",Thouroude B.,Thouroude B.,HBT81,,,43.287119,5.315058
47,Phaeophyceae,Tilopteridales,Cutleriaceae,Cutleria,sp.,Greville,06/07/2026,06 jul.. 2026,France,"North Frioul Island, Marseille",30,"43°17'13.63""N","5°18'54.21""E",Thouroude B.,Thouroude B.,HBT82,Uncertain identification,,43.287119,5.315058
129,Florideophyceae,Gigartinales,Dumontiaceae,Dudresnaya,verticillata,(Withering) Le Jolis,08/06/2026,08 jun. 2026,France,"Dalton ship wreck, Planier, Marseille",25,"43°11'57.63""N","5°13'51.06""E",Thibaut T.,Thouroude B.,HBT83,Presence of gonimoblast,,43.199342,5.23085
827,Phaeophyceae,Fucales,Sargassaceae,Sargassum,vulgare,C.Agardh,01/08/2026,aug. 2026,France,"L'Isolella, Ajaccio, Corsica",1,"41°50'55.89""N","8°45'35.73""E",Lamare V.,Verlaque M.,HBT84,Fertile,,41.848858,8.759925
203787,Ulvophyceae,Cladophorales,Cladophorales familia incertae sedis,Mysticladia,prolifera,"J.O.F.Brito, V.Carneiro, Cassano, W.A.Gama & C.W.N.Moura",01/08/2026,aug. 2026,France,"L'Isolella, Ajaccio, Corsica",1,"41°50'55.89""N","8°45'35.73""E",Lamare V.,Verlaque M.,HBT85,,,41.848858,8.759925
1566,Florideophyceae,Ceramiales,Rhodomelaceae,Digenea,simplex,(Wulfen) C.Agardh,01/08/2026,aug. 2026,France,"L'Isolella, Ajaccio, Corsica",1,"41°50'55.89""N","8°45'35.73""E",Lamare V.,Verlaque M.,HBT86,,,41.848858,8.759925
174969,Florideophyceae,Corallinales,Corallinaceae,Jania,pedunculata var. adhaerens,"J.V.Lamouroux) A.S.Harvey, Woelkerling & Reviers",01/08/2026,aug. 2026,France,"L'Isolella, Ajaccio, Corsica",1,"41°50'55.89""N","8°45'35.73""E",Lamare V.,Verlaque M.,HBT87,,,41.848858,8.759925
174145,Phaeophyceae,Fucales,Sargassaceae,Gongolaria,montagnei,(J.Agardh) Kuntze,27/08/2026,27 aug. 2026,France,"Cap Caveaux, Frioul Islands, Marseille",35,"43°15'37.29""N","5°17'22.63""E",Thouroude B.,Thouroude B.,HBT88,,,43.260358,5.289619
174145,Phaeophyceae,Fucales,Sargassaceae,Gongolaria,montagnei,(J.Agardh) Kuntze,03/09/2026,03 sept. 2026,France,"Cap Caveaux, Frioul Islands, Marseille",35,"43°10'35.70""N","5°22'19.73""E",Guillemain D.,Thouroude B.,HBT89,,,43.176583,5.372147
174145,Phaeophyceae,Fucales,Sargassaceae,Gongolaria,montagnei,(J.Agardh) Kuntze,03/09/2026,03 sept. 2026,France,"Cap Caveaux, Frioul Islands, Marseille",35,"43°10'35.70""N","5°22'19.73""E",Guillemain D.,Thouroude B.,HBT90,,,43.176583,5.372147
177548,Phaeophyceae,Fucales,Sargassaceae,Ericaria,brachycarpa,(J.Agardh) Molinari & Guiry,08/09/2026,08 sept. 2026,France,"Port du Niel, Hyères",0.5,"43°02'02.38""N","6°07'34.10""E",Thouroude B.,Thouroude B.,HBT91,,,43.033994,6.126139
177530,Phaeophyceae,Fucales,Sargassaceae,Gongolaria,barbata,(Stackhouse) Kuntze,08/09/2026,08 sept. 2026,France,"Port du Niel, Hyères",0.5,"43°02'02.38""N","6°07'34.10""E",Thouroude B.,Thouroude B.,HBT92,,,43.033994,6.126139
89345,Florideophyceae,Nemastomatales,Nemastomataceae,Nemastoma,dumontioides,J.Agardh,23/09/2026,23 Sep 2026,France,"Sec du soldat, Marseille",35,"43°12'11.38""N","5°28'28.93""E",Thouroude B.,Verlaque M.,HBT93,,,43.203161,5.474703